date,store_ID,product_ID,quantity_sold,revenue
,3,4,,
2019-7-6,14,3,82,az
2012-8-1,11,1,95,4798
2016-12-3,3,3,42,0
2016-4-17,8,2,80,693
,17,8,101,2227
2017-5-14,8,8,35,1589
2007-2-8,16,7,23,2121
2017-6-22,4,10,101,391
2011-8-11,12,8,77,2103
,3,3,72,172
2012-11-22,7,8,13,4833
2006-8-17,15,9,8,3162
2005-6-6,11,1,0,1908
2014-3-14,14,2,59,4264
2018-9-28,18,4,73,1571
2022-2-8,4,8,95,2235
2001-2-24,20,3,63,3839
2001-3-18,3,6,28,2773
2008-10-15,3,7,91,3402
2003-12-6,8,7,0,762
2012-1-21,5,8,37,
2004-12-1,13,8,25,4135
,13,5,0,4724
2019-12-5,20,9,42,3939
2004-8-27,14,4,92,
2001-4-22,13,10,42,3080
2012-12-17,17,8,79,3460
2022-2-9,9,9,57,2507
2003-12-15,18,9,39,2195
2010-2-14,10,10,100,0
,5,8,26,3752
2024-6-16,3,9,23,1952
2013-2-9,20,9,13,4559
2004-8-3,16,3,69,4958
2020-2-4,15,2,81,3964
2011-2-19,20,2,,3026
2017-12-15,15,10,24,1226
2022-10-28,18,2,59,928
2001-10-17,18,4,91,528
2003-7-24,13,9,99,3166
2004-11-9,9,2,86,2598
2021-1-24,1,8,7,1077
2017-9-26,21,2,0,990
2009-2-25,12,10,1,0
2024-9-18,7,7,0,461
2014-11-15,17,7,0,393
2018-2-13,18,7,3,2028
2008-12-18,8,6,0,884
2018-11-11,19,6,57,0
2017-2-16,6,1,36,4611
2003-11-16,19,5,86,az
2006-7-15,5,8,60,4305
2009-2-25,19,10,89,2524
2008-12-10,3,2,58,2412
2024-7-16,10,5,41,2530
2002-7-4,9,2,64,1372
2022-9-12,19,4,,1329
2005-9-18,4,7,100,121
2011-7-23,1,5,17,490
,1,9,94,1288
2005-1-7,21,5,98,3852
2022-12-21,13,3,81,3422
2008-2-18,17,8,29,858
2017-1-18,2,3,23,4783
2019-5-19,14,10,76,4407
2001-8-15,12,9,12,2045
2015-6-10,10,10,41,
2010-3-2,8,5,33,3529
2014-5-14,2,5,74,3160
2019-10-10,18,4,36,2660
2015-3-16,7,3,69,1227
2008-4-26,5,3,5,1315
2014-8-4,15,3,76,2941
2001-4-2,21,10,92,3087
2005-2-16,14,2,100,4591
2015-8-10,4,5,80,1502
2020-4-18,14,7,51,4851
2024-1-7,7,3,60,1332
2001-4-7,10,8,,3605
2001-10-12,1,7,58,716
2024-9-23,9,5,39,3089
2006-7-20,12,3,8,2593
2023-7-10,11,3,49,1196
2002-10-22,5,1,57,1711
2019-11-14,14,7,33,75
2010-9-14,19,6,26,3522
2010-7-18,17,10,0,4623
2000-1-13,21,3,0,761
2008-4-23,8,8,69,4804
2003-9-13,3,1,,3351
2009-11-11,5,1,33,
2002-10-5,19,10,66,
2013-7-18,7,3,77,2853
2008-12-11,17,1,92,3298
2001-9-12,13,8,78,2530
2007-9-21,7,6,72,1357
2011-7-7,13,10,52,1356
2005-10-15,8,6,28,az
2010-11-4,15,7,10,3098
2023-11-22,2,2,25,1615
2011-1-12,13,7,23,4003
2007-7-11,19,6,,4479
2007-8-20,11,9,52,4494
2024-5-16,19,8,95,0
2003-2-21,18,6,91,
2015-8-9,4,3,18,1007
2004-9-7,19,8,34,2726
2021-5-19,15,7,93,4138
2022-11-9,6,5,15,79
2016-4-11,20,6,54,2103
2023-7-22,5,5,,4664
2005-10-1,18,7,46,437
2019-3-2,3,8,32,2727
2019-12-1,4,6,40,2525
2013-2-18,16,5,75,4467
2017-11-18,16,6,71,176
2018-5-9,4,5,53,825
2013-6-14,14,5,57,2126
2017-7-18,12,5,57,4473
2001-9-7,20,5,50,1973
2001-3-1,20,4,64,596
2003-8-8,18,9,101,2553
2009-1-6,8,2,67,1525
2007-12-8,10,3,90,4527
2003-10-16,5,8,19,0
2004-7-8,15,1,98,4430
2017-1-19,10,6,74,
2010-9-10,7,10,19,275
,20,9,60,4480
2021-5-7,5,10,79,669
2014-10-8,13,3,,2089
2023-8-18,7,3,26,0
2015-1-1,12,4,94,4552
2001-7-28,14,10,37,3454
2004-12-16,13,7,,2474
,21,1,13,4294
2018-2-25,9,2,62,3144
2009-3-16,4,10,0,3036
2004-9-3,15,2,79,3657
2020-12-14,3,8,,4675
2014-10-27,7,8,57,1820
2014-8-11,16,9,83,2788
2018-8-12,16,5,81,4743
2013-8-3,21,10,6,3510
2005-2-8,17,7,91,1281
2005-4-14,18,3,71,4344
2002-4-13,12,10,96,3641
2018-12-12,13,2,7,1026
2024-10-20,16,10,18,3796
2008-6-8,10,3,28,649
2013-4-27,15,10,20,0
2016-4-25,15,5,81,2427
2001-10-27,2,2,,2056
2024-11-7,10,6,,2634
2021-8-5,18,8,47,2925
2001-11-5,19,2,26,0
2015-3-21,8,8,58,
2017-2-24,3,2,,4689
2001-6-28,17,9,64,az
2007-3-7,9,5,5,669
2003-1-20,20,8,13,3131
2014-6-6,6,4,55,4058
2002-5-14,20,7,0,2214
2003-6-10,4,2,23,4047
2004-7-13,6,1,34,0
2021-6-27,8,4,63,0
2014-11-21,16,4,,4511
2022-10-2,5,4,43,276
2021-1-14,6,7,52,2300
2001-9-1,11,9,46,3357
2006-12-28,4,7,,0
2015-4-3,5,4,50,1325
2004-1-28,20,1,65,4619
2013-10-17,17,8,14,3276
2006-7-1,7,4,24,3267
2014-3-7,7,1,19,3995
,2,2,84,4044
2018-2-22,16,10,88,az
2015-7-2,17,9,61,983
2008-4-10,1,8,4,1976
2022-8-24,1,9,25,az
2016-12-25,7,4,67,1998
2004-1-12,10,3,24,652
2024-5-12,4,7,42,1495
2004-3-26,10,7,56,1041
2004-8-1,5,3,78,4915
2011-6-17,2,5,90,4928
2003-5-9,4,3,89,1388
2023-3-4,20,1,100,2190
2018-9-26,11,5,46,4932
2008-12-27,5,7,23,az
2006-3-18,8,9,21,4158
2000-7-5,14,4,39,
2012-6-12,4,7,85,
2015-3-3,8,10,,2861
,21,5,14,2995
2007-10-13,7,3,86,4384
2001-4-9,16,10,36,0
2019-12-6,11,10,79,1161
2020-7-4,18,3,69,3089
2009-9-17,10,9,83,4941
2020-3-3,17,4,84,3356
2009-2-16,19,8,0,4741
2019-3-19,5,2,53,4152
2000-1-2,12,9,14,3760
2004-4-18,16,1,56,2647
2022-1-26,15,8,91,0
2000-10-16,18,2,55,1194
2001-7-5,12,8,61,
2006-4-23,19,3,71,
2007-12-10,7,3,88,
2001-10-4,6,9,0,248
2015-3-28,14,3,43,4718
2002-1-16,17,9,25,1219
2008-3-24,7,7,0,3314
2018-6-16,21,10,23,3402
2020-12-2,15,1,88,403
2014-12-22,1,4,31,1396
2020-12-4,13,3,96,4891
2003-2-7,19,4,21,2353
2023-2-25,1,1,89,4654
2016-8-18,6,10,96,647
2013-7-5,18,5,5,774
2024-7-3,18,7,99,3225
2022-3-16,7,3,27,1517
2020-4-11,18,1,88,100
2008-11-5,7,6,62,4454
2002-1-11,12,4,81,1470
2012-8-23,12,4,69,146
2006-5-15,12,6,31,1423
2004-7-13,2,9,89,525
2011-11-11,7,2,95,1341
2021-2-26,3,2,0,4214
2014-6-19,9,7,50,1413
2023-8-5,2,7,0,4303
2014-3-13,20,9,3,4942
2011-8-22,16,10,65,1911
2022-12-11,20,8,56,3385
2016-1-8,17,8,66,1405
2022-9-10,10,8,66,1019
2015-5-23,12,2,62,2374
2001-4-26,1,2,38,3754
2022-4-18,17,7,54,1639
2012-3-22,11,5,9,0
2008-9-14,21,3,40,519
2021-9-25,7,9,99,4786
,9,5,83,4002
2024-7-4,2,6,28,1027
2022-5-16,7,10,87,3675
2011-12-4,14,1,,3286
2021-6-11,5,8,19,1305
2011-3-27,3,5,80,3577
2019-9-8,5,8,0,628
2014-8-9,21,4,,4250
,20,1,92,1959
2015-12-27,5,9,,4525
2002-9-12,4,10,66,4589
2022-10-2,16,1,42,
2015-4-17,14,1,21,1491
2008-4-28,9,9,2,3333
2003-4-8,18,8,93,4540
2023-9-27,12,3,36,4051
2017-6-12,8,1,37,3036
2004-7-7,12,9,101,2306
2002-1-8,15,6,49,622
2014-2-25,8,4,8,4771
2016-5-20,20,4,72,3266
2007-8-12,11,5,52,2117
2023-11-18,14,7,58,2062
2000-9-14,11,10,92,3936
,16,10,18,2070
2001-2-14,13,4,14,2676
2000-1-20,11,5,23,0
2009-6-9,16,3,65,3154
2008-9-25,17,8,32,2418
,4,10,69,1085
2006-9-23,14,3,11,2800
2009-3-1,11,7,68,2199
2011-5-23,1,6,32,855
2017-10-22,21,7,15,0
2009-11-27,3,5,8,499
2024-11-9,2,7,34,1580
2006-1-8,5,10,37,
2019-4-22,21,4,57,4492
2003-6-6,19,10,16,3184
2016-9-8,16,1,25,1768
2019-2-25,20,4,81,2271
2013-6-17,3,1,92,2764
2020-12-18,20,2,9,1857
2005-10-13,15,1,23,2962
2024-2-26,5,10,22,112
2022-11-18,12,5,76,422
2008-7-22,4,6,5,
2018-8-7,1,8,61,2883
2020-5-12,18,5,74,4660
2019-7-19,2,8,37,110
2014-10-4,21,2,32,az
2007-8-3,21,2,47,3295
2000-8-21,7,5,22,368
2009-11-21,21,4,82,3922
2011-10-12,20,10,95,3648
2007-2-16,13,9,60,980
2017-3-2,12,10,83,az
2015-12-11,14,7,0,3239
2011-7-9,15,10,77,4502
2022-8-1,2,10,51,0
2024-7-17,3,10,66,1991
2008-7-11,8,7,90,3376
2017-10-6,5,6,23,az
2002-1-22,19,3,43,2934
2012-9-8,16,8,0,2976
2005-12-4,15,1,52,4689
2010-5-23,12,4,78,3056
2016-9-2,21,8,75,2888
2019-4-24,1,9,,1471
2015-7-12,6,10,89,2107
2022-7-6,12,1,35,4920
2009-7-24,19,4,51,1343
2004-8-2,18,10,77,4861
2023-8-16,16,10,9,2061
2001-11-13,19,9,23,1492
2014-7-14,2,5,,1780
2024-5-20,9,6,33,
2009-1-7,10,9,79,0
2007-2-3,16,7,95,506
2017-11-26,11,2,75,4736
2022-12-11,4,4,72,740
2012-6-20,2,3,55,0
2002-10-21,5,4,71,1549
2012-11-22,1,9,17,az
2011-3-24,4,9,88,2815
2006-11-24,1,9,57,2106
2010-2-12,21,6,64,az
2012-12-8,1,9,73,4337
2003-8-20,6,5,95,3306
2012-8-8,5,6,51,2083
2001-3-1,4,6,35,318
2005-2-13,2,4,70,4341
2004-2-16,2,5,82,3153
2018-10-25,12,4,86,3587
2003-4-18,21,1,20,2917
2009-6-5,3,2,70,3917
2008-12-17,16,2,31,1685
2002-2-23,15,3,38,1608
2004-3-2,8,7,25,2222
2001-4-19,14,1,30,3816
2005-5-6,19,2,43,4335
2024-4-1,4,7,29,1268
2023-1-22,5,10,99,2342
2009-11-10,1,6,40,az
2023-1-19,4,6,76,3204
2015-8-25,7,3,73,3010
,9,4,28,3540
2004-12-11,15,5,15,477
2000-9-23,17,7,33,2329
2001-3-28,12,9,,0
2003-7-26,11,2,57,1765
2005-2-5,15,1,83,111
2011-6-11,14,5,0,3019
2020-4-24,13,8,88,2520
2021-8-2,18,5,10,3628
2017-2-17,3,5,85,2945
2005-11-8,19,9,66,2975
2018-10-6,8,5,59,3192
2006-10-22,17,10,1,2783
2009-3-21,12,9,93,az
2020-10-21,15,7,28,
2002-11-1,13,7,38,2573
2003-9-26,9,6,81,az
2015-12-2,18,3,0,2348
2021-12-22,8,9,53,0
2000-1-19,9,10,9,1803
2018-3-8,8,6,4,3469
2001-8-19,16,3,5,4453
2018-11-4,17,5,65,2184
2023-11-27,6,9,91,4498
,7,4,97,3917
2008-12-10,18,4,53,1483
2024-7-27,7,7,15,az
2006-8-16,5,8,72,2591
2007-5-27,2,9,60,3057
2000-5-9,12,10,5,91
2024-6-24,8,10,0,3240
2003-9-19,2,10,8,1170
2002-10-16,7,9,1,3301
2009-5-4,18,8,0,4219
2011-8-23,16,7,24,2693
2024-10-14,16,10,59,
2007-10-25,2,9,55,az
2018-7-2,10,5,0,4261
2023-12-3,4,6,91,3624
2008-7-2,14,10,48,0
2020-5-8,10,6,0,4088
2022-7-20,1,10,14,4621
2021-4-21,10,10,43,3377
2021-9-24,4,6,66,1508
2008-12-7,5,5,21,1691
2009-4-28,12,6,16,3111
2014-1-5,12,4,81,1296
2002-11-8,1,7,34,813
2007-4-19,1,4,51,4890
2014-7-7,15,10,56,4325
2009-12-24,13,6,21,697
2011-6-25,8,9,43,2992
2004-8-24,14,6,40,2339
2001-6-11,17,6,77,2346
2015-2-18,8,5,78,2259
2024-2-28,20,1,8,643
2017-8-10,20,2,,1151
2003-12-27,16,4,32,az
2022-12-23,4,7,96,779
2013-10-1,17,5,45,4816
2011-4-11,19,9,69,2697
2007-6-12,18,10,60,2274
2007-10-13,17,8,82,az
2012-7-23,19,4,50,4093
2010-6-23,4,10,38,2614
2002-6-9,5,10,73,53
2019-6-2,9,6,39,4113
2000-6-14,21,3,4,2899
2001-4-28,14,3,83,1780
2007-4-16,9,1,43,3201
2004-10-15,4,4,20,
2023-2-23,17,2,20,1237
2013-2-17,9,4,47,az
2000-9-4,21,1,64,405
2012-7-24,4,6,31,
2019-10-11,5,2,,2304
2015-1-5,18,1,0,
2014-11-21,10,9,56,545
2002-7-21,12,7,99,4936
,6,6,0,3024
2023-2-11,1,6,26,1782
2001-9-5,8,10,61,1357
2015-2-3,2,3,64,3007
2021-9-16,9,5,,4606
,2,4,0,4758
2019-5-17,11,8,88,1604
2022-1-11,5,8,,4143
2009-7-1,17,9,9,0
2007-10-16,15,10,9,
2012-1-4,21,8,58,743
2013-12-13,13,6,50,4050
2002-4-6,1,5,88,4875
2022-6-17,11,1,13,1124
2002-11-4,1,1,,az
2009-8-2,9,5,30,388
,16,6,49,4488
2024-2-12,14,6,15,0
2020-5-1,1,9,44,3415
2009-11-25,19,5,39,1013
2017-11-20,5,7,0,532
2002-3-28,8,1,0,3760
2023-8-8,14,9,35,2906
2008-2-2,13,2,75,1760
2020-3-16,14,10,51,185
2017-11-16,12,6,66,2487
,7,6,45,4778
2016-6-27,21,7,11,0
2010-2-11,12,9,2,994
2020-5-10,9,5,0,2046
2018-12-24,17,3,41,130
2015-5-10,18,6,17,1887
2006-7-23,14,10,94,744
2019-1-26,11,1,40,4810
2020-4-26,14,1,0,0
2013-7-22,4,3,79,2191
2024-9-27,21,4,59,3491
2019-9-13,7,9,24,334
2017-10-17,3,9,80,0
2015-1-5,20,6,81,3717
2000-10-10,13,1,63,2377
2024-8-19,20,3,62,1114
2007-4-3,10,2,92,3629
2000-12-14,8,4,,az
2004-11-19,15,9,27,4762
2019-2-9,8,9,34,2329
2002-4-5,10,4,24,1494
2004-12-24,5,6,22,291
2004-2-23,8,5,4,886
2005-6-12,11,7,3,753
2018-12-11,3,9,8,3743
2011-5-7,11,1,81,4555
,19,7,86,1920
2009-11-15,11,4,24,427
2019-11-13,18,9,41,
2017-10-25,18,8,12,2540
2024-2-9,14,2,75,1736
2000-9-21,7,3,91,0
2002-9-16,6,2,96,2108
2013-6-25,2,1,86,733
2000-5-25,21,10,18,0
2009-7-2,11,7,40,420
2001-6-8,12,10,8,2387
2020-2-1,21,4,86,
2005-3-14,4,5,68,979
2010-1-7,19,9,89,2973
2016-10-21,19,8,53,1271
,4,9,69,852
2020-5-2,2,8,19,1938
2022-6-9,10,6,7,240
2022-5-18,20,7,36,0
2004-10-15,14,8,17,1821
2012-7-1,12,9,71,1483
2021-6-19,13,4,98,2687
2015-2-20,14,10,68,0
2016-3-26,1,10,53,2580
2006-4-13,4,7,31,2648
2012-8-6,17,1,10,1691
2014-3-26,17,2,98,4916
2006-10-10,15,1,100,1144
2013-12-18,11,1,0,2419
2005-9-4,18,3,75,3553
2005-6-9,18,10,93,4555
2017-2-27,10,2,27,3890
,19,5,25,3725
2011-3-2,8,4,21,1227
2015-12-26,11,9,4,az
2009-1-17,6,7,1,675
2015-10-22,14,9,9,1377
2007-10-5,15,7,41,az
2013-10-4,6,4,35,131
2016-5-21,21,3,16,97
2013-5-22,2,9,61,1130
2017-12-16,3,3,42,1770
2022-2-2,1,6,99,
2001-3-7,21,7,4,2780
2016-1-12,11,6,1,0
2001-8-11,1,4,50,4450
2009-3-24,19,6,,4900
2012-6-27,21,6,33,4832
2020-6-28,19,9,83,1048
2002-4-5,16,2,45,3399
2003-8-3,20,7,8,1114
2022-9-23,18,9,1,3194
2000-7-10,13,6,97,4373
2021-2-13,10,3,69,1044
2018-8-13,7,8,87,845
2024-12-18,4,3,95,2963
2001-1-18,9,4,43,3243
2013-6-18,19,6,55,3323
2020-6-2,21,1,82,3610
2018-6-3,9,2,46,3728
,16,6,51,3029
2002-6-3,15,4,,2922
2016-4-5,15,5,71,2114
2020-3-8,15,8,57,
2005-7-20,18,7,81,415
2013-4-21,3,9,0,4706
2008-11-15,17,10,32,0
2013-2-18,14,10,101,
2017-11-27,7,2,38,641
2016-5-17,16,6,5,2200
2014-3-4,7,5,40,3624
2009-6-22,19,9,62,3318
2011-3-1,16,8,43,3389
2006-11-20,19,6,2,1431
2004-9-6,12,10,,0
2024-4-25,16,2,47,2258
2016-8-8,16,9,31,3886
2020-8-8,1,10,54,661
2021-3-23,9,2,1,0
2005-11-26,12,7,13,2501
2012-5-26,17,10,4,1330
2007-5-18,1,1,85,4850
2003-4-7,17,9,50,az
2005-3-6,11,1,1,4813
2022-5-4,16,1,60,3367
2010-1-16,3,9,59,2363
2010-10-24,19,5,80,912
,12,8,85,341
2008-3-3,2,7,10,2012
2004-5-15,3,10,83,416
2014-9-5,17,4,30,2838
2008-10-26,3,5,24,2736
2004-10-4,16,7,34,2654
2023-9-24,17,1,61,866
2015-5-3,4,1,88,4501
2004-8-24,17,4,51,4389
2020-4-4,11,8,19,1943
2000-1-4,6,3,87,3701
2004-11-19,1,8,28,2551
2011-4-27,8,4,,1220
,9,3,62,2163
,17,3,40,3684
2002-4-21,17,3,45,751
2022-8-28,21,6,75,az
2005-10-7,7,6,40,4260
2002-4-27,3,5,91,3201
2023-11-28,18,3,3,4441
2016-1-8,10,4,50,1310
2000-8-17,2,3,40,194
2002-1-11,12,3,57,2231
2013-11-25,16,3,53,1324
2012-7-26,6,7,13,4883
2023-3-21,21,9,9,4578
2001-4-24,7,9,83,3239
2005-12-3,12,9,0,3242
2008-5-26,13,10,21,1077
2011-2-2,1,6,89,4003
2019-1-17,10,2,69,3433
2017-2-6,14,10,52,4429
2015-6-2,8,4,4,269
2020-4-4,6,1,65,4074
2015-2-15,4,1,94,1169
2004-2-24,5,4,0,1435
2021-9-4,7,2,76,3902
2017-3-10,14,2,1,4918
2012-3-16,11,1,20,1208
2023-7-27,3,5,19,833
2000-1-24,14,6,82,3177
2004-3-17,15,5,25,324
,9,6,25,1637
2017-2-25,5,7,88,3621
2022-8-6,3,10,31,4296
2020-6-19,18,9,27,1589
2024-7-16,9,3,101,4996
2017-11-24,20,10,66,3145
2011-2-22,11,4,47,2882
2002-5-2,14,3,5,1392
2017-11-19,12,10,41,2760
2022-11-13,8,4,59,530
2007-9-6,14,3,91,1934
2020-8-19,1,1,25,53
2018-5-9,13,9,21,4821
2000-3-2,18,3,7,2564
2004-11-5,19,5,85,2196
,15,6,74,0
2022-3-5,11,5,24,2114
2018-10-14,6,1,57,1744
2013-8-11,1,3,8,506
2014-1-14,13,10,0,427
2008-12-4,1,7,25,4172
2001-4-6,15,3,3,2952
2020-8-15,21,7,49,3389
2018-1-4,4,7,37,az
2002-5-1,2,2,0,4688
2010-5-9,20,5,4,3762
2015-11-11,16,1,69,0
2013-4-12,13,8,21,0
,15,5,3,969
2022-6-11,16,6,44,3850
2007-8-24,11,5,90,4986
2005-9-11,18,9,18,4108
2020-1-16,3,6,74,3226
2015-8-13,2,5,85,
2013-11-5,12,6,85,221
2003-12-20,10,1,45,4788
2003-7-20,21,5,15,3633
2003-6-15,9,9,76,2357
2015-7-19,7,3,75,4957
2006-11-7,13,2,93,2471
2017-4-9,4,8,28,474
2021-8-11,14,8,11,
2019-5-2,11,1,52,2129
2013-10-24,2,7,69,336
2014-7-1,19,2,55,2665
2008-6-21,18,10,,2997
2001-3-17,11,4,56,2910
2000-12-16,13,6,31,0
2004-7-25,1,4,86,2667
2015-10-10,6,10,54,0
,18,8,83,
2019-11-2,11,5,,1545
2002-5-13,13,4,76,4136
2002-12-8,19,9,18,1980
2022-5-15,20,4,19,4834
,4,1,96,3775
2002-4-20,9,10,74,180
2012-9-15,3,5,43,3167
2011-8-1,20,4,,1871
2002-9-28,7,8,37,
2008-3-15,12,6,65,404
2004-7-19,15,7,9,2304
2014-11-13,11,4,2,
2004-8-5,20,10,78,3360
2009-11-8,14,9,68,1682
2000-6-19,6,7,49,az
2015-6-1,3,5,35,2137
2002-7-25,2,2,16,3488
2020-2-7,7,8,47,0
2017-4-25,10,9,31,4014
2014-8-5,3,9,0,2363
2009-9-26,17,2,15,962
2016-8-6,15,2,0,2094
2003-9-26,21,3,89,334
2018-10-11,14,6,58,755
,9,4,46,3924
2011-3-27,21,10,79,4847
2009-12-12,10,6,7,1765
2017-8-5,18,4,99,1315
2013-11-25,18,2,80,0
2020-10-18,6,2,25,1299
2008-10-5,5,1,4,2854
2020-4-18,11,9,0,3720
2001-5-5,16,1,47,1233
2015-7-2,20,1,59,543
2014-11-11,12,5,83,2603
2014-11-20,3,9,70,1311
2024-11-24,14,6,63,4805
,13,5,83,1061
2008-9-17,19,8,80,4181
2011-1-1,14,3,11,az
2016-3-9,4,9,13,3547
2000-3-6,13,3,52,499
2015-10-20,1,8,28,102
,20,9,8,
2023-3-21,14,5,79,1367
2024-7-9,14,3,32,1769
2007-11-16,10,4,101,1850
2014-8-19,7,2,,az
2003-7-17,17,6,47,1959
2021-7-27,19,3,49,2293
2006-7-10,20,5,59,965
2002-8-13,6,5,15,1941
,8,10,7,364
,19,9,59,4492
2024-7-9,14,8,34,1834
2021-6-21,9,7,10,3307
2002-6-15,10,2,19,156
2001-2-3,7,8,36,3272
2023-8-16,14,5,11,az
2021-12-8,12,2,39,4615
2010-4-26,5,10,98,2820
2007-11-5,10,9,7,4284
2005-3-6,5,1,33,3063
2016-1-19,4,5,73,4787
2022-11-4,4,2,94,4425
2001-4-23,11,7,,
2015-2-25,17,1,24,3298
2010-4-25,19,4,63,2370
2017-10-9,1,3,83,859
2000-10-12,7,10,47,2121
2008-8-10,3,8,13,292
2022-8-25,21,2,20,1029
2024-12-13,20,4,12,4399
2005-2-24,15,4,77,1563
2020-4-25,11,10,30,1951
,18,7,77,1100
2014-6-2,11,9,26,2033
2024-4-12,6,5,57,2126
2006-6-27,3,7,43,4830
2021-4-28,6,2,90,1069
2001-9-24,12,7,48,4812
2001-3-21,4,6,22,1714
2011-2-15,14,3,61,4862
2012-12-25,18,4,72,1770
2016-9-6,8,2,98,936
2017-9-21,11,10,12,3183
2022-11-7,18,4,73,470
2011-4-12,11,6,93,4786
2023-8-3,15,8,0,1353
2020-11-14,6,9,74,796
2021-11-1,4,7,65,884
2018-3-3,12,3,0,4764
2005-9-25,18,1,36,3763
2015-9-25,1,10,80,1431
2016-11-3,18,5,79,4065
2010-6-17,16,6,68,1083
2011-6-18,15,1,41,618
2000-2-15,19,9,66,4864
2012-5-3,4,7,,1047
2017-3-18,6,2,28,4759
2018-9-26,13,1,94,4374
2015-10-20,2,1,77,2022
2005-7-15,15,3,12,217
2024-1-20,12,2,63,2851
2008-1-23,1,5,29,4390
2008-2-11,14,8,26,
2024-8-13,4,7,48,680
2017-1-7,20,2,55,237
2010-8-3,17,6,37,4501
2006-6-20,1,5,28,2593
2024-7-11,3,8,,4436
2005-12-24,9,2,32,4628
2002-3-17,21,9,2,3441
,4,6,41,599
2009-7-1,20,6,28,3183
2006-12-8,18,10,0,4876
2024-5-13,2,6,23,4433
2005-5-26,7,5,2,2881
2023-11-10,15,3,19,4499
2020-9-18,13,2,87,212
2021-4-24,5,7,18,4921
2021-1-13,1,1,0,959
2015-9-9,13,4,75,2769
2006-6-15,10,4,71,2431
2010-1-22,14,4,53,1968
2007-10-2,6,10,40,1790
2015-11-16,16,5,39,1936
2023-5-21,12,3,0,3451
2021-4-19,18,8,36,1838
2009-10-8,8,4,83,1093
2008-8-28,16,6,90,2494
2007-6-25,9,8,88,865
2011-6-20,20,1,89,0
,15,6,62,877
2008-5-18,4,5,73,3185
2015-5-6,9,10,49,2814
2010-5-19,9,6,80,3741
2009-9-20,5,7,0,3991
2010-1-13,5,7,32,709
2017-10-23,16,9,89,2213
2001-5-22,19,6,99,4794
2015-5-18,8,6,61,2386
2019-10-7,18,8,57,4368
2023-3-24,20,7,8,742
2015-8-22,19,7,57,az
2011-1-2,10,8,39,3937
2006-2-2,12,1,14,4888
2009-12-13,17,6,69,3748
2003-11-3,4,1,,1476
2005-12-9,12,10,0,858
2002-2-15,16,1,,4941
2017-11-25,16,4,39,446
2022-12-27,3,6,16,1235
2017-7-6,16,8,28,807
2019-5-1,11,5,68,3394
2021-3-19,5,4,1,2054
,14,6,50,362
2015-9-5,18,2,75,4131
2021-5-7,14,9,93,0
2012-1-9,12,5,,464
2008-5-1,20,5,6,2818
2017-6-24,7,10,87,1443
2000-1-23,6,8,86,0
2006-12-2,7,8,65,az
2022-2-28,21,3,,1731
2007-8-17,6,7,16,az
2022-7-28,7,9,93,1171
2024-12-21,13,1,28,0
2010-8-20,16,8,31,
2007-1-12,17,10,18,234
2001-4-20,8,8,35,2875
2003-6-9,18,1,70,874
2024-11-19,15,2,93,4637
2009-8-3,3,4,61,2685
2004-11-27,16,5,101,1938
2019-4-13,4,6,53,3088
2020-11-5,2,3,57,3945
2014-4-11,21,9,77,910
2014-5-13,20,7,88,
2007-1-1,21,10,43,4736
,21,3,,1264
2008-9-9,18,1,82,3599
2013-7-2,3,7,61,4945
2021-7-23,7,3,59,788
2023-4-20,20,10,,2090
2024-4-25,11,2,60,
2001-9-21,17,3,0,4958
2000-5-27,18,7,19,4158
2004-4-18,18,5,45,4034
2001-10-18,13,10,,3860
2015-9-25,3,5,87,4076
2006-7-22,18,2,60,az
2022-3-16,2,8,9,2826
2020-10-12,10,8,0,2202
,4,8,0,1987
2017-6-4,19,10,75,1935
2014-5-3,1,9,28,3666
2012-8-15,18,3,75,4061
2009-4-24,6,2,39,1094
2012-12-8,4,6,64,4079
2003-9-1,15,9,29,3044
2018-11-1,9,8,72,4545
2021-5-28,6,1,33,1933
2018-1-22,3,4,88,
2018-9-24,6,1,49,3053
2016-11-3,7,2,56,3424
2013-7-22,6,3,97,3403
2018-6-7,16,7,30,3137
2001-11-10,7,7,73,3353
2010-7-9,17,1,33,3449
2001-7-1,10,5,,1613
2022-11-15,16,5,0,2244
2022-11-20,8,5,48,2850
2012-4-23,8,9,84,
2015-2-16,9,7,84,653
2001-5-20,9,8,90,2831
2017-12-18,14,2,6,2791
2021-6-4,2,8,95,2948
2019-6-28,17,2,28,3085
2014-5-3,5,10,32,2686
2000-11-19,5,2,2,3951
2005-7-17,16,3,72,4314
2007-6-4,11,9,77,3656
2006-8-15,11,3,78,0
2024-10-6,9,7,0,3781
2012-10-9,5,1,60,920
2003-10-10,21,2,82,3314
2014-2-20,20,3,83,1206
,13,1,66,az
2000-7-28,18,4,49,2797
2017-3-20,14,5,4,1447
2000-5-8,10,8,85,3781
2017-9-22,1,5,9,3763
2014-12-18,18,6,80,2387
2005-4-25,9,7,28,3492
2007-1-25,21,8,61,231
2008-3-3,19,1,1,az
2015-7-20,10,6,94,4350
2023-5-25,16,1,98,0
2020-7-16,9,4,86,572
2018-3-15,14,9,80,644
2009-1-1,3,3,3,1624
2006-8-20,11,9,93,4487
2022-8-3,21,4,24,2072
2016-5-10,8,5,78,3076
2023-8-8,10,9,66,372
2014-3-24,15,7,69,4124
2010-10-23,13,6,,2775
2018-2-23,8,9,86,3259
2008-3-8,3,3,24,az
2023-6-6,8,10,84,2921
2019-12-1,10,6,90,4277
2003-2-25,19,4,93,4176
2017-6-23,12,7,95,3493
2001-5-10,20,4,96,3887
2011-10-25,18,6,92,1391
2017-4-18,15,2,,2306
2021-4-20,17,5,69,2172
2017-1-24,5,4,59,4393
2009-5-15,15,7,75,4713
2014-8-17,10,3,98,
2019-8-4,7,1,51,3340
2016-3-16,11,2,97,1704
2011-12-19,21,8,73,432
2007-11-23,15,10,33,2919
2006-10-14,8,4,52,1251
2017-12-15,11,8,92,
2007-1-27,9,9,90,3838
2023-7-24,17,2,21,2221
2005-3-23,20,1,,4356
2013-6-9,9,9,64,889
2015-7-4,1,1,33,2701
2005-4-18,12,10,97,3793
2015-11-16,13,5,71,3271
2005-2-10,16,2,90,4303
2018-5-21,18,8,41,
2007-11-20,1,6,36,
2007-4-27,7,5,63,2486
2017-9-8,13,10,18,3420
2020-4-26,11,2,99,0
2021-1-4,2,3,,3453
2003-12-1,11,10,48,az
2014-3-3,11,2,86,2860
2024-3-27,17,6,91,
2009-4-26,16,1,5,964
2011-10-16,2,5,101,3671
2002-10-17,4,7,65,187
2014-7-7,14,4,90,4669
2021-5-3,18,5,17,2968
2005-3-14,16,2,28,1161
,18,10,66,
2012-4-1,16,2,47,4943
2008-5-17,11,7,30,1996
2012-8-10,12,6,28,1647
2010-9-7,17,5,0,3918
2000-4-13,4,8,84,3137
2011-2-8,3,8,9,381
2019-7-1,6,8,71,0
2008-12-28,12,8,81,2993
2003-9-18,13,8,100,2875
2023-8-19,20,4,53,4175
2018-4-18,13,6,42,4145
2004-11-13,21,9,75,1099
2008-8-28,8,7,41,1185
2000-4-13,1,3,15,3300
2010-2-21,18,8,40,2933
2021-7-21,17,7,3,4775
2020-2-22,13,2,57,3011
,15,4,1,1766
2005-10-11,18,10,20,4294
,17,8,90,1617
2010-2-9,12,4,4,1631
2017-6-4,7,2,,4380
2022-3-19,16,6,53,1971
2022-3-27,14,3,51,
2010-7-23,19,5,26,3014
2018-5-19,18,4,59,0
2009-5-6,12,5,2,483
2006-12-10,12,1,53,939
2024-4-11,9,5,13,3979
2004-12-8,19,4,,3213
2024-8-17,8,3,98,3674
2003-12-7,19,10,11,az
2023-3-14,19,7,94,697
2022-3-8,9,1,27,3076
2016-2-19,5,5,82,3253
2006-1-26,16,6,62,3898
2022-11-18,14,5,75,352
2004-4-11,18,1,92,0
2013-8-26,9,9,0,2499
,2,6,3,1330
2005-3-4,6,1,40,171
2024-4-6,16,4,38,4515
2012-7-7,17,6,78,az
2009-2-23,21,5,26,4103
2008-1-13,5,2,53,4523
2002-8-12,2,1,11,3130
2003-5-24,18,4,12,3871
2013-12-19,12,2,93,4211
2024-11-17,17,8,0,2008
2007-9-5,19,2,24,2364
2012-7-20,9,6,12,973
,19,4,48,617
2002-11-9,14,5,0,0
2006-12-5,11,6,0,4700
2002-12-17,11,1,56,4480
,14,5,0,1354
2020-7-18,18,5,101,3535
2014-10-27,6,7,51,184
2008-11-21,9,5,79,2696
2016-8-16,11,10,2,901
2022-5-16,15,3,76,2919
2020-8-16,8,8,73,1240
2018-1-17,16,6,83,786
2018-10-26,17,9,,3095
2003-5-7,12,7,3,4206
2013-11-28,17,9,37,2169
2007-12-12,20,9,11,
2011-8-20,19,1,46,3571
2007-9-11,1,8,35,1213
2008-1-28,6,8,,az
2016-5-11,14,4,,1003
2021-2-13,1,3,63,2662
2010-9-16,5,1,11,4162
2005-12-12,9,10,42,2242
2024-6-20,20,7,29,4685
2005-10-11,4,4,40,4038
2008-9-24,9,7,72,2079
2013-2-17,6,5,65,2667
2016-7-23,18,4,35,0
2024-5-17,17,9,6,
2017-1-27,11,1,1,4150
2020-4-11,15,1,23,
2015-6-15,2,5,,3925
2024-8-20,12,2,63,2271
2018-11-10,21,6,64,1592
2015-1-27,11,6,71,
2003-12-19,12,3,52,3923
2016-11-7,12,9,80,2961
2024-6-6,4,6,87,1854
2008-3-28,11,2,14,4707
2007-7-15,11,8,86,2568
2024-1-14,12,9,79,2893
2008-10-15,17,5,,2183
,6,9,45,4734
,7,4,2,1143
2003-12-5,7,4,13,600
2022-9-28,17,10,7,3874
2011-1-6,21,2,101,az
2011-2-5,5,6,38,3057
2014-3-14,15,5,56,3239
2000-2-6,7,1,32,4073
2009-3-21,18,8,83,450
2018-6-22,15,10,0,4111
2018-2-13,19,9,33,2702
2020-4-28,2,4,45,2958
2014-11-2,2,1,85,3627
2015-2-10,11,8,42,3536
2012-11-3,1,5,4,4259
2024-4-19,18,10,41,4633
2005-12-17,6,1,4,1607
2008-10-22,18,9,88,4143
2011-1-9,13,1,13,
2014-12-10,2,2,80,
2015-1-14,14,7,100,696
2019-9-18,20,7,28,4125
2023-7-9,20,1,69,184
2009-6-17,2,1,20,3832
2007-4-15,3,3,42,2212
2019-5-27,4,2,7,1266
2004-8-22,14,7,53,620
2018-10-2,20,9,,0
2016-1-5,6,9,34,3681
2019-1-2,13,1,90,0
2022-11-23,8,5,54,1876
2014-4-19,4,3,78,3699
2006-7-21,13,7,2,
2019-12-12,8,7,12,3001
2010-10-18,13,9,94,2181
2002-5-7,20,7,0,2840
2010-12-27,19,7,9,1432
2019-8-8,21,4,69,4129
2001-10-28,19,7,82,3635
2000-8-27,2,2,12,2003
2017-6-24,4,7,10,1575
,11,9,81,az
2002-4-18,10,4,,4127
2020-8-9,2,7,35,3065
2016-1-9,14,5,96,2931
2009-11-4,12,8,5,1902
2003-7-4,17,6,86,1061
2007-12-8,1,3,67,4010
2010-8-3,17,8,,2002
2017-12-4,21,2,98,4332
2023-6-12,15,5,8,4150
2002-11-9,3,8,86,133
2017-4-19,18,6,9,1779
2022-8-25,1,4,43,
2001-1-9,3,10,88,1356
2001-7-17,19,7,64,2447
2009-10-13,17,5,33,0
2018-9-7,12,6,,4013
2021-3-21,5,3,10,4836
2020-4-19,19,6,19,1437
2008-9-20,4,6,76,4665
2010-4-5,2,6,4,4360
2018-6-19,13,2,0,898
2022-7-5,11,2,67,3463
2010-12-20,19,2,60,4058
2014-11-25,4,1,24,2135
,4,3,22,224
2023-1-12,20,1,33,4428
2020-5-11,8,8,13,4591
2002-4-21,11,4,101,4226
2020-1-28,19,1,18,4528
2015-8-9,4,1,52,2552
2001-6-2,21,2,54,2725
2013-1-1,21,4,39,3636
2018-8-24,18,6,95,4701
2009-5-12,2,1,74,2418
2014-1-6,11,2,0,1533
2019-4-7,17,8,64,0
2023-5-27,13,4,97,
2020-2-8,20,6,27,4090
2022-11-21,15,5,,458
2003-5-12,4,8,3,4046
2011-2-15,1,2,94,1270
2005-12-14,1,7,81,1380
2009-11-11,5,6,90,3520
2023-5-6,2,8,33,4660
2007-10-8,4,4,20,1578
2013-2-8,13,2,6,az
2005-10-21,12,1,58,3422
2002-6-24,10,5,25,4558
2001-8-20,6,3,15,3546
2011-5-21,3,1,68,1549
2009-3-16,9,4,79,2467
2008-11-13,19,5,18,4022
2016-8-5,10,8,0,3229
2008-11-4,18,2,32,629
2013-2-19,6,1,86,
2024-6-19,16,6,53,4872
2019-10-19,14,6,66,4771
2023-9-19,14,9,0,4717
2011-12-13,15,6,43,az
2006-5-7,1,8,60,2321
2001-8-21,11,4,19,4639
2013-12-28,20,1,51,2047
2006-1-16,10,6,54,3790
2006-6-10,1,9,93,1606
2017-8-14,1,5,100,2046
2013-3-16,20,1,46,427
2022-5-19,7,3,89,4646
2018-11-3,15,7,,3827
2020-2-15,4,8,16,1260
2000-6-27,5,3,66,1780
2013-8-18,13,8,73,92
2018-11-1,21,5,55,424
2001-5-16,4,9,71,501
,11,2,77,az
2004-3-26,17,5,39,4170
2021-1-25,12,7,77,799
2017-2-11,18,1,10,2743
2015-9-26,2,9,65,0
2000-4-1,8,4,26,941
2003-4-28,4,8,56,
2018-10-15,6,1,78,az
,15,5,21,3391
2006-6-1,12,5,0,az
2014-2-18,10,9,9,2668
2016-4-16,11,10,74,4204
2007-12-6,2,2,29,4006
2021-5-21,8,8,0,2747
2004-11-4,17,9,5,1386
2001-8-6,2,8,82,64
2022-12-12,9,4,76,4733
2011-7-22,10,2,94,4902
2019-6-18,1,1,46,4876
2010-5-21,7,10,62,3630
,14,4,33,3706
2007-10-19,20,9,13,1558
2008-4-14,14,3,28,0
2004-2-14,14,8,0,336
2017-7-3,21,4,14,3424
2021-4-3,21,2,61,
2012-4-11,3,6,47,3658
2017-12-1,16,8,3,4698
2022-3-22,17,2,9,651
2002-1-15,5,3,43,
2008-6-17,13,2,73,3951
2003-1-9,9,4,38,2530
2016-5-14,14,2,35,4393
2003-3-5,16,5,53,0
2005-5-11,18,2,70,4741
2016-4-12,4,1,41,4575
2006-8-14,8,6,65,3932
2014-5-17,9,9,100,2534
2020-4-25,4,1,89,2997
,6,3,77,4728
2004-6-22,14,6,9,358
2017-10-9,16,3,81,az
2024-8-1,6,5,40,1615
2021-6-7,15,6,22,4266
2024-7-8,11,1,83,0
2007-8-8,19,9,53,3924
2002-6-13,17,5,87,2254
2019-8-11,4,7,81,3001
2019-3-24,4,8,56,1020
2004-12-17,9,7,70,4085
2018-3-10,16,7,35,4437
2020-10-19,14,2,44,4508
2023-4-13,19,1,22,1531
2015-9-26,11,3,7,2299
2017-7-12,14,5,4,596
2005-1-27,10,6,76,956
,16,9,79,
2004-3-18,9,2,26,4583
2009-4-11,14,2,80,4642
2004-3-19,7,10,90,2019
2010-8-6,9,2,44,4737
2000-7-4,14,2,,1379
2007-2-19,5,10,11,az
2011-9-1,13,10,9,2091
2016-10-19,21,2,101,3397
2007-2-1,9,2,14,221
2008-10-12,1,8,0,3599
2016-9-13,16,1,65,4092
2001-4-18,1,9,94,1477
2019-3-4,9,10,89,136
2004-11-2,1,7,29,423
,18,8,64,3706
2004-5-5,20,1,95,1299
2006-11-10,20,2,64,az
2020-5-4,3,1,74,
2006-10-24,8,3,57,3187
2002-6-23,7,8,0,1673
2005-1-6,19,9,0,az
2015-2-9,5,8,75,2245
2008-12-2,10,7,22,3699
,3,7,14,3601
2001-10-16,12,9,49,1102
2017-3-2,4,5,26,3549
2014-5-15,7,7,94,4900
2024-11-11,13,7,0,2498
2023-9-27,3,6,91,2236
2000-9-7,13,9,5,az
2007-1-6,9,2,26,2720
2005-12-26,21,1,0,846
2012-2-8,17,3,72,2404
2009-10-11,17,10,26,2362
2010-6-26,1,2,25,904
2008-12-16,13,3,59,366
2017-10-8,21,10,74,341
2003-5-13,20,2,41,4682
2010-12-17,9,10,39,313
2023-12-3,1,9,82,3951
2014-11-15,18,2,34,1571
2008-2-9,12,3,64,1935
2012-3-7,11,6,81,2018
2014-2-4,7,4,78,az
2011-7-23,16,2,55,4585
2000-8-19,18,8,17,3295
2015-6-5,12,8,68,2208
2017-10-24,4,10,14,2407
2016-7-14,18,7,62,4048
2024-12-16,20,4,50,1562
2020-8-8,5,3,54,973
2004-4-9,18,1,91,3368
2005-7-15,2,6,69,4228
2010-2-4,12,1,37,
2012-4-7,2,10,75,1086
2022-3-22,14,2,22,4893
2009-9-15,11,3,51,2960
2001-6-23,7,1,82,
2014-10-16,21,2,84,
2021-4-16,7,2,12,452
2002-3-14,13,5,5,2198
2008-11-13,8,6,16,126
2001-7-24,16,8,75,4589
2004-4-27,14,1,19,2392
2002-8-21,4,1,43,3415
2022-9-11,21,3,81,4662
2007-4-20,19,2,17,1107
2000-1-19,6,9,24,
2019-10-15,19,5,63,
2008-12-24,9,4,56,4849
2002-11-24,7,10,90,3279
2016-9-19,20,8,,az
2022-2-6,16,3,36,4320
2009-9-14,3,10,48,1838
2007-4-20,11,1,31,az
2013-5-17,2,4,38,4187
2016-12-10,6,4,36,3382
2024-6-1,9,4,27,798
,1,6,,1689
2011-11-23,6,2,70,967
2019-7-13,11,6,45,1244
2017-9-7,1,1,35,
2022-1-3,6,5,98,1565
2022-3-28,5,4,85,3519
2012-6-25,9,4,30,2009
2002-6-17,16,7,48,3499
2022-2-8,15,6,6,1159
2022-4-22,10,7,5,2420
2020-10-9,15,4,49,az
2015-4-4,13,4,33,3950
2015-3-28,14,3,5,4722
2016-11-25,9,6,91,3548
2001-5-18,3,10,11,2983
2011-7-17,9,7,76,az
2017-10-15,4,5,12,2220
2019-2-22,5,1,22,3182
2007-8-3,21,1,18,1254
2015-6-15,6,3,,0
2003-8-22,7,3,13,943
2003-11-17,10,6,22,1517
2007-1-28,3,6,99,3536
2006-2-3,17,4,4,3117
2002-7-26,13,7,65,3585
2008-7-5,19,9,41,2366
,12,8,18,
2011-8-15,9,10,23,2322
2018-10-18,13,7,22,3403
2014-7-11,15,9,69,3296
2014-12-4,21,7,32,4609
2011-7-15,14,2,46,az
,17,6,16,3235
2008-5-9,16,8,101,892
2022-10-23,8,1,74,1251
2024-2-9,12,3,100,2800
2012-9-21,18,4,4,198
,7,7,37,az
2002-8-6,10,4,,1253
2021-9-5,8,8,,3108
2020-5-23,14,6,,az
2010-3-20,4,2,87,4855
2005-9-6,1,10,30,4621
2024-5-16,15,5,58,0
2011-11-19,2,5,15,718
2023-5-15,10,8,33,4072
2010-5-17,19,3,1,4256
2008-2-9,4,4,70,2207
2014-8-23,16,10,24,2463
2015-1-14,1,8,,2766
2001-1-5,5,4,65,2006
2011-12-2,16,4,98,3330
2009-8-22,18,2,,2261
2024-4-12,7,5,57,2114
2006-3-6,2,5,72,657
2006-9-21,5,6,34,az
2021-4-3,4,6,101,2779
2003-6-26,18,4,83,771
2012-5-26,19,7,56,4445
,14,1,47,5001
2024-2-2,14,7,41,4870
2013-5-6,12,1,44,3065
2016-1-7,21,2,,az
2022-4-16,15,2,65,1251
2020-8-27,10,7,43,2327
2014-9-10,16,5,30,1825
2020-6-22,2,3,7,1130
2017-12-19,1,6,24,1020
2012-9-25,4,6,17,2670
2024-7-22,21,8,29,158
2013-4-18,3,6,21,2147
2001-9-5,8,9,20,
2016-10-11,4,10,84,4348
2002-7-23,19,8,1,210
2007-12-22,17,4,6,83
2016-7-23,13,10,35,2799
2007-1-25,10,6,101,4938
2020-5-3,16,6,95,3657
2010-4-1,11,6,10,3992
2009-11-16,5,10,24,4380
2010-10-17,5,8,14,
2016-7-19,1,1,53,1321
2022-7-18,4,1,41,4879
,11,4,5,1109
2003-5-7,9,10,13,4149
2017-12-14,3,3,3,1163
2005-11-23,15,5,7,0
2009-1-8,8,1,25,311
2004-1-1,9,10,,2094
2018-5-2,20,4,86,914
2017-12-26,8,3,31,1815
2024-1-14,10,8,67,750
2023-8-18,20,5,12,2659
2007-10-15,11,9,,1458
2019-11-1,4,2,,1776
2013-10-4,1,8,16,4868
2019-12-19,17,5,70,752
2021-12-17,4,10,82,1353
2000-10-16,7,1,32,2788
2005-3-9,19,9,42,3660
2009-10-25,7,10,19,2433
2004-2-20,18,8,92,2410
2002-1-27,13,1,85,4697
2024-12-3,12,3,35,529
2017-4-5,7,3,31,557
2020-11-17,7,10,47,4047
2007-11-15,13,3,19,4213
2022-6-26,2,4,36,4829
2015-11-5,1,2,27,1742
2008-3-25,15,1,82,4242
2023-10-2,9,2,12,3655
2011-3-25,18,5,78,
2021-11-16,5,5,42,
2013-2-8,8,9,5,2931
2005-6-10,21,3,85,2674
2019-5-13,5,7,28,az
2016-5-6,17,8,58,650
2009-12-8,5,10,12,az
2014-11-11,6,10,80,3048
2003-6-28,4,7,5,4504
2022-12-6,10,8,48,az
2020-12-16,12,4,27,732
2012-10-21,8,5,79,2002
2001-11-9,20,3,66,984
2017-5-2,1,6,60,3618
2014-11-14,11,10,51,az
2015-11-24,5,1,75,az
2012-4-23,15,5,7,764
2018-5-27,7,8,52,az
2022-9-11,8,7,,1277
2018-8-16,15,5,87,1228
2024-3-19,19,10,0,2128
2005-4-16,13,9,52,1058
2011-12-24,2,6,31,4050
2022-12-2,18,8,69,939
2013-3-3,12,3,93,4063
2000-3-7,1,6,61,3362
2003-12-15,15,3,,4387
2019-5-22,8,6,73,4455
2011-9-19,15,9,98,140
2014-5-28,11,3,0,1752
2024-1-25,12,5,80,az
2020-12-19,2,6,54,3672
2003-4-12,21,10,99,4964
2000-7-23,11,1,80,2431
2007-5-28,1,1,82,694
2010-3-5,4,2,60,3926
2018-11-8,8,7,22,2290
2004-3-6,11,7,51,4361
2001-7-22,4,1,93,729
2022-7-6,3,8,40,2128
2020-2-12,17,3,69,1652
2008-2-26,8,10,88,3158
2004-6-19,4,5,25,1723
2010-4-10,2,1,15,221
2012-12-8,4,10,12,3298
2020-3-5,21,3,8,417
2014-6-7,2,2,89,1497
2020-3-9,21,1,81,3155
2005-6-9,12,4,70,1720
2010-10-1,17,7,0,2671
2023-6-1,14,3,0,2578
2020-11-16,2,6,29,1963
2001-8-26,4,1,41,1680
2023-8-11,9,7,91,
2021-4-26,1,2,0,1525
2022-2-16,4,2,20,4218
2019-6-16,9,4,0,0
2008-8-21,5,2,63,4331
2016-10-11,1,8,80,4641
2022-11-10,4,2,6,az
2001-2-18,15,6,17,2393
2006-9-5,2,6,60,1444
2002-3-8,20,6,66,3976
2018-1-27,3,6,73,1654
2013-8-28,18,2,,2658
2010-10-27,11,10,37,3253
2015-3-9,4,2,34,808
2015-11-6,20,2,33,1600
2011-5-16,20,9,99,3241
2000-6-22,3,5,67,4759
2000-7-13,15,3,12,4285
2007-9-1,19,2,20,3967
2016-4-16,6,2,39,0
2020-8-23,20,9,84,137
2010-7-11,2,8,35,3807
2013-12-24,15,1,73,2391
2018-5-23,5,9,43,2094
2020-4-23,17,6,36,548
2006-4-20,20,3,18,3552
2019-10-5,2,2,46,2585
2015-11-22,9,7,,2007
2009-12-16,4,7,0,2211
,13,1,25,471
2006-5-27,18,8,101,2636
2006-10-28,1,6,33,3757
2020-4-25,21,5,38,3876
2014-4-7,20,3,1,2913
2016-1-8,15,1,33,4460
2018-12-21,17,9,9,4596
2022-12-14,21,10,76,255
2014-5-23,16,4,24,1987
2020-9-1,15,2,46,
,12,3,53,2704
2018-1-12,2,10,90,0
2021-3-23,8,2,14,1419
2004-9-24,19,3,92,3253
2009-5-22,18,6,93,175
2017-1-27,8,1,19,2301
2019-6-20,11,8,15,3195
2001-8-23,4,4,3,3610
2012-1-9,18,6,26,1120
2022-9-16,8,10,13,az
2022-12-24,4,7,0,4028
2003-5-5,8,1,43,1821
2014-12-4,13,6,90,
2005-3-17,16,10,83,4784
2002-10-4,13,5,80,1661
2010-8-27,6,9,0,
2023-7-25,12,6,40,2977
2019-10-11,7,10,22,2582
2023-8-10,17,4,19,1012
2004-9-1,10,9,53,2239
2016-5-22,9,2,48,476
,13,1,99,2700
2000-10-16,21,1,83,3469
2005-5-20,11,4,82,3157
2003-10-9,12,7,100,4221
2023-6-13,3,1,54,az
2017-8-3,21,10,27,4970
2011-6-26,7,7,53,544
2004-2-4,17,8,54,4029
2019-11-1,12,4,83,4039
2004-12-15,20,1,3,4673
2015-7-22,9,8,39,0
2011-8-10,16,2,10,4689
2020-9-26,9,8,19,
2012-5-12,11,5,39,3797
2015-5-22,14,7,73,2715
2009-6-23,8,1,85,1697
2011-8-2,5,10,76,4156
2008-6-16,1,9,100,3784
2009-2-25,17,4,84,1426
2003-3-6,1,9,63,4093
2011-4-18,21,7,66,2692
2012-5-19,3,1,76,650
2011-9-24,14,10,17,4075
2005-12-26,20,1,55,719
,3,10,95,3386
2021-2-9,12,4,22,3370
2010-2-20,4,3,56,3455
2022-1-28,21,8,61,2112
2002-10-20,11,9,91,3172
2010-5-12,13,8,36,4071
2013-9-10,8,4,2,3378
2005-2-19,13,4,15,3020
2018-7-13,6,5,21,3651
2005-4-14,13,10,82,1097
2016-5-13,18,5,93,4260
2001-7-13,5,7,46,1878
2003-8-2,18,10,11,4182
2012-7-10,17,1,24,2832
2002-8-14,14,1,59,0
2022-6-1,15,2,29,797
2008-10-9,19,3,75,3503
2014-4-22,7,10,97,2463
2019-1-7,21,9,78,2764
2005-2-15,18,10,96,4076
2014-12-20,18,8,,1885
,21,6,52,3009
2019-11-23,4,8,7,4274
2016-10-12,14,4,3,466
2014-6-12,4,5,26,az
2024-8-7,3,10,69,1969
2008-3-28,13,2,20,2902
2023-1-15,2,4,25,4249
2005-10-6,13,9,98,4067
2003-7-22,10,10,15,0
2024-3-10,18,9,47,4500
2006-8-4,5,2,,2420
2012-4-16,11,10,49,224
2003-11-4,15,1,44,2546
2001-11-6,9,4,97,2354
2007-4-4,15,5,0,2040
2017-2-18,5,1,46,3085
2013-8-3,13,7,1,
2022-11-6,10,2,,4538
2018-2-4,11,4,1,1609
2003-12-9,5,9,0,2943
2004-2-10,14,2,,3251
2016-8-14,14,5,17,4936
2006-1-20,4,4,,0
2021-9-20,13,4,66,4224
2015-5-1,12,10,21,2046
2023-10-21,16,7,96,4490
2020-12-9,10,5,85,2653
,9,3,54,2360
2019-9-4,3,2,34,
2001-2-17,10,8,18,405
2009-10-26,8,7,18,4848
2006-1-9,8,3,87,4907
2004-8-15,18,4,13,3488
2010-3-25,9,5,94,az
2017-11-8,15,9,56,4224
2016-12-21,21,7,59,2780
2022-3-3,15,2,28,456
2013-9-26,9,4,8,az
2005-8-3,16,3,90,4595
2019-6-9,6,4,82,2925
2013-2-28,4,10,46,714
2015-8-14,18,10,84,0
2019-9-12,18,7,64,4355
2024-9-6,20,2,54,541
2012-8-20,10,6,78,4127
2011-12-9,20,1,85,340
2017-11-13,7,2,57,2765
2018-8-11,8,1,61,4798
2018-9-8,2,9,37,925
2011-9-15,10,4,2,1245
,17,5,89,4526
,15,8,90,0
2004-7-19,8,2,78,2669
,10,3,92,3076
2004-9-1,19,10,,2758
2024-11-21,19,5,38,3851
2010-6-7,10,4,64,3699
2002-3-19,3,5,70,996
2007-5-9,15,9,32,0
2014-7-24,3,3,64,az
2013-1-7,21,3,45,266
2021-2-10,7,9,5,2313
2008-11-4,10,4,96,2397
2001-6-7,13,5,26,2429
2017-11-2,13,1,16,4216
2004-11-27,3,2,95,0
2004-12-18,9,6,47,4706
2017-11-19,4,7,31,1012
2017-9-1,4,5,31,3900
2009-10-2,16,1,92,1150
2016-9-12,7,10,6,0
2024-3-11,13,10,40,3765
2014-8-20,5,4,5,1364
2003-1-12,11,6,66,424
2011-5-11,20,3,85,976
2024-9-6,7,4,12,2117
2019-9-14,11,7,25,4239
2004-4-25,18,9,88,2516
2014-6-19,16,5,16,736
2022-9-20,13,1,91,4010
2023-2-22,18,3,46,2833
2019-11-26,14,7,0,2861
2005-8-9,18,7,37,2997
2023-1-2,3,8,33,238
2001-12-18,2,1,47,3327
2009-5-19,9,1,17,2456
2008-12-7,14,5,62,3534
2004-10-15,6,3,7,60
2017-8-15,3,7,17,217
2013-5-15,12,4,58,4949
2010-6-8,7,1,95,1669
2017-10-27,18,10,5,4860
2024-9-14,3,7,61,
2012-7-24,15,6,82,0
2021-1-9,16,6,97,4332
2016-8-12,14,7,72,
2016-6-1,10,7,39,0
2000-10-24,6,9,0,0
2001-5-9,11,7,81,4429
2001-2-13,20,9,0,1739
2002-1-5,9,2,0,668
,2,6,92,0
2015-3-21,16,5,4,2149
2002-7-23,18,7,0,1715
,12,6,77,4473
2016-5-11,18,1,33,4767
2021-8-4,20,6,70,4540
2024-10-25,15,4,75,2564
,1,5,95,1728
2004-12-16,8,9,32,3126
2008-11-27,2,1,31,2512
2021-11-25,19,5,21,3079
2005-6-9,8,10,25,2575
,9,10,0,1950
2017-2-20,14,9,,4953
2004-1-18,9,5,24,1606
2017-6-11,6,1,27,1740
2005-9-22,13,6,31,az
,17,6,17,3102
2008-3-11,1,1,,3795
2010-6-21,11,6,17,2249
2011-6-20,14,1,100,1551
2007-2-5,18,10,21,
2008-3-1,3,4,101,2372
2009-9-28,12,2,0,1096
2010-2-10,13,3,3,693
2021-7-7,16,10,,4083
2011-3-23,12,2,78,1082
2007-3-2,11,2,61,1890
2022-4-16,20,7,25,3680
2022-11-5,15,9,77,3973
2011-5-3,16,3,42,az
2011-6-14,20,5,90,2878
2011-6-15,16,4,88,932
2017-9-14,6,5,61,az
2024-9-2,9,5,73,2210
2014-6-10,14,4,8,
2016-2-14,4,3,32,2153
2008-2-20,21,6,101,3032
2014-11-7,12,7,34,3799
2001-10-22,3,4,19,2448
2012-9-27,21,10,59,4092
2014-3-11,8,9,1,745
2009-6-4,7,7,10,1006
2004-5-26,4,1,82,4689
2004-4-10,4,4,38,4802
2019-2-17,4,10,71,3443
2021-5-9,2,7,0,4742
2005-2-21,9,9,0,az
2001-1-15,6,8,0,0
2013-1-21,3,7,9,4036
2024-3-18,8,7,7,1113
2003-11-15,21,2,,898
2018-9-1,7,7,3,4757
2011-2-8,1,7,63,3643
2008-3-16,6,4,88,az
2021-9-19,5,3,2,4922
2000-12-16,4,4,48,962
2000-11-19,13,8,56,86
2012-8-4,4,5,,404
2019-7-22,21,1,93,4571
2018-12-17,16,6,38,392
2020-8-14,7,3,101,1158
2004-4-24,21,2,3,
2015-7-10,6,7,75,1040
2008-10-8,21,4,,2984
2017-7-21,4,8,78,az
2008-10-22,17,1,,4589
2004-5-18,7,3,97,3655
2009-2-4,17,9,24,1376
2018-6-28,9,6,0,4299
2014-11-5,3,3,16,337
2021-10-13,19,5,11,3485
,13,4,66,2185
2004-4-4,9,7,47,1037
2022-10-5,5,5,0,1861
2000-12-9,7,9,92,az
2002-4-25,15,9,18,102
2010-10-14,9,5,,728
2011-11-5,12,8,54,3670
2012-11-9,7,5,99,3991
2013-4-21,6,4,,az
2016-8-1,2,2,70,4478
2013-1-6,3,9,,455
2013-11-25,19,4,0,2007
,14,2,99,
2018-2-27,14,10,41,
2017-10-18,9,10,15,0
2001-7-4,16,2,88,4864
2018-6-24,11,10,70,2122
2010-5-12,13,3,63,4135
2000-8-13,9,10,0,2242
2008-4-26,14,4,75,0
2004-4-9,21,6,22,2329
2007-4-22,15,9,1,0
,4,6,88,948
2008-6-21,7,8,1,4762
2007-11-12,2,3,20,1108
2015-12-12,5,1,27,1942
2012-12-24,8,6,89,3831
2002-3-28,20,5,80,4616
2005-11-11,4,5,24,689
2017-2-18,2,9,,4790
2008-8-14,3,7,38,310
2001-10-13,1,2,27,1808
2010-2-28,20,4,0,3054
2014-1-23,4,4,71,4407
2011-3-27,21,4,93,2341
2004-7-28,14,5,13,
2018-8-13,5,6,14,2033
,15,5,61,4571
2011-3-5,16,4,64,883
2004-9-16,15,3,87,274
2017-10-12,19,4,80,4724
2008-6-23,5,2,41,320
2011-3-16,5,10,51,1829
2019-12-27,12,5,12,3286
2023-8-27,19,5,25,4328
2008-12-15,1,1,52,0
2015-6-23,1,10,42,1243
2013-10-26,11,7,8,3641
2003-10-23,11,10,14,3711
2009-7-6,1,4,86,3635
2000-3-16,13,6,101,2159
2008-12-25,2,1,67,3711
2012-5-25,19,5,72,59
2010-1-13,20,1,0,
,3,3,73,3910
2006-7-17,17,9,51,3702
2001-3-5,1,8,65,3366
2016-7-3,12,1,10,3949
2022-4-14,1,3,94,az
2013-4-15,4,3,0,az
2009-9-23,8,7,8,896
2000-1-27,19,10,35,485
2007-2-10,18,8,97,2583
,2,5,9,2081
2010-8-11,11,6,52,1639
2023-6-27,5,8,59,691
2020-6-3,11,6,83,0
2022-7-25,15,3,,2320
2005-6-23,6,10,70,528
2000-9-10,15,5,73,
2022-3-10,20,1,80,4361
2019-6-1,21,2,96,3546
2014-9-20,15,1,48,2716
2020-5-13,17,6,57,1486
2022-5-16,5,8,87,2665
2000-10-5,9,3,11,2002
2011-10-4,15,1,48,69
2018-7-3,6,5,19,2649
2007-3-10,8,8,60,2409
2009-10-11,5,9,30,619
2008-12-1,19,4,24,2770
2024-6-12,18,4,59,4492
2006-1-25,21,7,19,3744
2007-3-19,12,7,0,4688
2022-1-25,7,9,,826
2003-11-27,3,10,0,4931
2005-12-9,11,6,56,1044
2021-6-16,3,9,19,4509
2024-5-13,4,4,91,az
2014-11-5,2,1,54,1695
2005-6-28,3,5,42,1798
2012-7-13,18,3,65,
2006-10-9,10,10,0,2508
2022-6-13,7,4,96,1564
2022-2-3,8,2,8,
2014-9-23,14,3,0,3044
2019-5-23,21,4,26,4019
2009-10-7,5,3,16,3578
2023-5-22,8,4,14,462
2019-4-6,14,10,59,2349
2014-5-10,4,9,6,1901
2015-3-1,16,7,82,2345
,11,4,47,156
2012-4-17,10,9,40,1462
2008-9-20,9,2,0,4731
2017-1-12,13,10,58,1164
2004-6-2,1,1,5,2500
2016-3-20,11,6,30,2844
2021-8-2,9,3,68,2289
2013-5-21,14,10,45,790
2019-9-9,7,4,32,1750
2024-6-3,11,9,20,1406
2000-10-18,8,7,92,2302
,20,10,41,1953
2001-2-25,15,10,42,1406
2018-2-24,9,7,56,451
2017-5-3,9,3,60,624
2008-1-22,19,4,74,2856
2022-12-10,18,5,60,4476
2014-10-13,14,3,2,az
2021-4-1,6,10,19,1042
2005-9-9,4,9,52,4274
2018-1-2,11,4,12,3475
2011-12-4,8,1,24,az
2001-6-16,12,7,36,3006
2015-10-7,4,3,39,
2005-10-27,2,3,77,4523
2015-6-14,11,10,47,1592
2016-1-22,2,1,,2813
2020-3-21,5,6,64,1471
2014-9-9,20,7,56,1112
2001-1-23,1,7,47,4160
2018-1-28,8,5,,794
2013-3-19,10,6,52,4411
2010-10-28,10,3,34,1478
2021-11-19,9,6,55,
2024-10-19,16,10,18,
2006-12-6,20,8,39,503
2011-6-28,19,9,77,1193
2005-7-12,11,5,73,3013
2018-6-8,15,6,3,0
2024-1-24,5,3,73,1415
2017-5-28,2,5,79,673
2011-2-27,13,7,32,2166
2011-7-2,12,3,70,2826
2008-9-7,11,9,66,1620
2020-2-20,19,10,10,3571
2008-5-14,2,9,9,2273
2014-7-15,8,1,32,258
2001-1-26,3,1,31,4151
2001-11-16,19,6,4,4404
2013-5-18,12,5,50,4648
2012-2-27,20,5,43,3469
2014-12-16,21,9,15,549
2015-7-10,6,4,34,252
2009-7-3,20,5,91,812
2021-5-20,5,3,1,4427
2018-8-24,20,6,0,4648
2018-7-14,17,3,54,1869
2002-2-12,17,6,83,0
2015-3-10,10,1,87,3712
2019-4-22,2,1,,2556
2021-10-25,17,9,80,2273
2009-7-22,6,7,3,1042
2013-7-22,16,7,46,4377
,2,9,85,3847
2011-4-20,15,5,7,454
2016-7-4,1,7,3,0
2017-9-9,21,1,87,3999
2010-1-10,20,2,62,az
2015-5-6,21,8,48,2595
2003-2-9,21,10,16,3363
2003-9-16,15,9,17,4515
2003-5-19,1,2,35,2201
2001-11-16,1,9,0,0
2008-10-27,3,9,87,3524
2009-5-16,4,4,98,569
2014-11-10,2,2,2,1249
2013-11-11,20,8,25,200
2016-2-17,20,2,8,
2005-8-22,14,9,12,3746
,15,6,63,1886
2012-8-27,4,7,93,581
2006-7-27,2,10,10,az
2022-1-9,14,1,10,3185
2012-7-12,19,1,22,0
2000-1-8,13,7,99,2365
2008-4-16,8,6,51,104
2011-12-12,13,4,0,2462
2005-4-1,11,5,0,az
2021-11-28,2,6,59,1214
2011-12-19,4,2,94,3010
2023-9-8,7,8,25,1768
2002-9-14,10,4,58,2991
2013-3-7,17,6,4,4650
2016-1-9,3,9,91,4384
2003-8-7,9,9,56,75
2001-10-19,10,10,94,2094
2008-1-27,15,9,19,1347
2012-5-9,9,6,4,
2016-3-21,21,7,93,3467
2013-11-22,20,8,94,2009
2017-4-22,3,6,87,4993
2011-10-24,9,9,81,161
2019-5-15,20,9,62,3236
2009-3-18,20,5,97,1006
2014-6-25,17,9,75,0
2018-6-15,6,9,80,3502
2012-2-22,17,5,2,293
2019-11-6,3,5,80,1107
2001-3-9,11,7,9,4861
2011-8-9,9,10,87,3225
2010-1-9,18,3,98,3560
2020-2-2,1,2,67,733
2016-2-17,17,9,0,1243
2007-5-11,5,6,,
2007-4-24,6,4,,173
2000-6-21,7,8,88,2667
,8,1,65,2717
2003-9-24,15,10,88,681
2002-5-14,4,7,52,1970
2020-12-27,15,4,61,4923
2003-8-6,7,2,6,4410
2007-12-4,8,8,91,2670
2014-7-27,11,10,53,2768
2010-3-14,5,7,1,1544
2010-8-19,13,6,81,3519
2004-7-16,15,3,22,3479
,5,9,99,1317
2024-12-12,2,1,9,2739
2012-4-13,21,10,57,1152
2003-5-24,20,4,62,695
2016-5-7,3,5,84,663
2021-5-6,5,5,73,1939
,11,1,,2292
2005-5-21,15,4,,2813
2006-4-22,15,6,89,3877
2011-3-11,14,3,73,3770
2007-9-9,18,6,77,2476
2000-7-5,16,5,67,3477
2012-3-12,17,2,92,1980
2023-10-14,5,5,14,2476
2020-8-2,8,5,93,2436
2015-12-9,3,5,90,375
2017-12-24,17,3,,1739
2021-7-28,18,1,62,2177
2023-1-12,4,8,44,1228
2002-12-9,6,1,79,az
2024-3-20,1,10,77,4735
2020-2-26,12,5,23,680
2020-1-27,14,7,63,3065
2014-4-12,8,6,92,2868
2002-10-5,20,4,80,3706
2009-10-13,20,7,64,2087
2007-6-9,10,10,81,1528
2021-11-11,11,9,78,4210
2004-5-19,21,8,14,3143
2017-2-9,2,3,48,4773
2022-4-15,13,1,22,397
2014-1-17,6,4,28,2453
